name,genre
Adamlar,Rock
Ahmet Kaya,Halk Müziği
Ajda Pekkan,Pop
Anatolian Land,Pop
Ankara Echoes,Pop
Âşık Veysel,Halk Müziği
Athena,Rock
Ayten Alpman,Pop
Barış Akarsu,Rock
Barış Manço,Rock
Blok3,Pop
Can Bonomo,Rock
Can Ozan,Pop
Cem Karaca,Rock
Dolu Kadehi Ters Tut,Rock
Duman,Rock
Evdeki Saat,Pop
Eypio,Pop
Ferdi Özbeğen,Pop
Ferhat Göçer ve Neşe Seçil,Pop
Fikret Kızılok,Rock
Gripin,Rock
Haluk Levent,Rock
Haramiler,Rock
İkilem & Tuğba,Pop
İlyas Yalçıntaş,Pop
Irem,Pop
Kaan Tangöze,Rock
Kalben,Pop
Karaf,Pop
Kargo,Rock
Kenan Doğulu,Pop
Koray Avcı,Pop
Levent Yüksel,Pop
maNga,Rock
Mazhar Alanson,Rock
Mehmet Güreli,Pop
Mert Demir,Pop
Model,Rock
Mor ve Ötesi,Rock
Nilüfer,Pop
Ogün Sanlısoy,Rock
Oğuzhan Koç,Pop
Onur Can Özcan,Pop
Pilli Bebek,Rock
Pinhani,Rock
Rengin,Pop
Rıza Tamer,Pop
Saip Egüz,Pop
Şebnem Ferah,Rock
Sefa Topsakal,Pop
Seksendört,Rock
Semicenk,Pop
Şenay,Pop
Serkan Nişancı,Pop
Sertab Erener,Pop
Sezen Aksu,Pop
Teoman,Rock
Tuana,Pop
Ufuk Beydemir,Pop
Umut Kaya,Rock
Volkan Konak,Pop
Yalın,Pop
Yaşar,Pop
Yeni Türkü,Pop
Yüzyüzeyken Konuşuruz,Rock
Zeynep Bastık,Pop
