url,last_crawl
https://akorpro.com.tr/akor/ahmet-kaya/agladikca,2026-08-18
https://akorpro.com.tr/akor/ogun-sanlisoy/saydim,2026-08-18
https://akorpro.com.tr/akor/ankara-echoes/beni-al,2026-08-18
https://akorpro.com.tr/akor/eypio/omrum,2026-08-18
https://akorpro.com.tr/akor/mor-ve-otesi/cambaz,2026-08-18
https://akorpro.com.tr/,2026-08-18
https://akorpro.com.tr/akor-kutuphanesi,2026-08-16
https://akorpro.com.tr/akor/karaf/ask-durdukca,2026-08-16
https://akorpro.com.tr/akor/ferdi-ozbegen/dilek-tasi,2026-08-16
https://akorpro.com.tr/akor/umut-kaya/mor-yazma,2026-08-16
https://akorpro.com.tr/akor/sezen-aksu/sizli-bizli,2026-08-16
https://akorpro.com.tr/akor/baris-manco/kara-sevda,2026-08-14
https://akorpro.com.tr/akor/sezen-aksu/yani,2026-08-14
https://akorpro.com.tr/akor/koray-avci/magusa-limani-akustik,2026-08-11
https://akorpro.com.tr/akor/dolu-kadehi-ters-tut/dilerim-ki,2026-08-09
https://akorpro.com.tr/akor/rengin/aldatildik,2026-08-07
https://akorpro.com.tr/akor/ferhat-gocer-ve-nese-secil/askin-bana-verdigi-yetkiye,2026-07-31
https://akorpro.com.tr/sanatci/onur-can-ozcan,2026-07-31
https://akorpro.com.tr/akor/volkan-konak/izmir-marsi,2026-07-26
https://akorpro.com.tr/akor/blok3/kusura-bakma,2026-07-25
https://akorpro.com.tr/akor/adamlar/acinin-ilaci,2026-07-23
https://akorpro.com.tr/akor/can-bonomo/bir-basina,2026-07-22
https://akorpro.com.tr/akor/duman/aman-aman,2026-07-19
https://akorpro.com.tr/akor/sezen-aksu/ask-dansi,2026-07-17
https://akorpro.com.tr/akor/anatolian-land/gonlun-var-mi-bende-sarmasik,2026-07-16
https://akorpro.com.tr/akor/onur-can-ozcan/intiask,2026-07-15
https://akorpro.com.tr/akor/baris-akarsu/islak-islak,2026-07-06
https://akorpro.com.tr/akor/mehmet-gureli/kimse-bilmez,2026-07-06
https://akorpro.com.tr/akor/semicenk/cikmaz-bir-sokakta,2026-07-03
https://akorpro.com.tr/sanatci/eypio,2026-07-03
https://akorpro.com.tr/sanatci/ferhat-gocer-ve-nese-secil,2026-07-03
https://akorpro.com.tr/sanatci/ayten-alpman,2026-05-10
https://akorpro.com.tr/sanatci/sertab-erener,2026-05-10
https://akorpro.com.tr/sanatci/athena,2026-04-25
https://akorpro.com.tr/akor/senay/hayat-bayram-olsa,2026-04-25
